{"cameraMode":{"drawMode":0,"name":"Shaded","section":"Shading Mode"},"sceneLighting":false,"audioPlay":false,"sceneViewState":{"m_AlwaysRefresh":false,"showFog":true,"showSkybox":false,"showFlares":true,"showImageEffects":true,"showParticleSystems":true,"showVisualEffectGraphs":true,"m_FxEnabled":true},"in2DMode":false,"pivot":{"x":-1.3524377346038819,"y":1.7456669807434083,"z":0.013753890991210938},"rotation":{"x":0.3836461901664734,"y":-0.0448581725358963,"z":0.01862652413547039,"w":0.9222606420516968},"size":3.8232340812683107,"orthographic":false}