{"cameraMode":{"drawMode":0,"name":"Shaded","section":"Shading Mode"},"sceneLighting":false,"audioPlay":false,"sceneViewState":{"m_AlwaysRefresh":false,"showFog":true,"showSkybox":false,"showFlares":true,"showImageEffects":true,"showParticleSystems":true,"showVisualEffectGraphs":true,"m_FxEnabled":true},"in2DMode":false,"pivot":{"x":5.631736755371094,"y":0.8097953796386719,"z":-0.06311410665512085},"rotation":{"x":0.23355445265769959,"y":-0.7599913477897644,"z":0.4826086461544037,"w":0.36763229966163638},"size":6.295304298400879,"orthographic":false}