{"cameraMode":{"drawMode":0,"name":"Shaded","section":"Shading Mode"},"sceneLighting":false,"audioPlay":false,"sceneViewState":{"m_AlwaysRefresh":false,"showFog":true,"showSkybox":false,"showFlares":true,"showImageEffects":true,"showParticleSystems":true,"showVisualEffectGraphs":true,"m_FxEnabled":true},"in2DMode":false,"pivot":{"x":11.830495834350586,"y":3.6204326152801515,"z":0.1611291468143463},"rotation":{"x":0.23355445265769959,"y":-0.7599913477897644,"z":0.4826086461544037,"w":0.36763229966163638},"size":0.06515932083129883,"orthographic":false}