{"cameraMode":{"drawMode":0,"name":"Shaded","section":"Shading Mode"},"sceneLighting":true,"audioPlay":false,"sceneViewState":{"m_AlwaysRefresh":false,"showFog":true,"showSkybox":true,"showFlares":true,"showImageEffects":true,"showParticleSystems":true,"showVisualEffectGraphs":true,"m_FxEnabled":true},"in2DMode":false,"pivot":{"x":457.3643493652344,"y":187.99986267089845,"z":420.4608459472656},"rotation":{"x":0.0728502869606018,"y":-0.023671524599194528,"z":0.0012199588818475605,"w":0.9973150491714478},"size":663.5717163085938,"orthographic":false}