{"cameraMode":{"drawMode":0,"name":"Shaded","section":"Shading Mode"},"sceneLighting":true,"audioPlay":false,"sceneViewState":{"m_AlwaysRefresh":false,"showFog":true,"showSkybox":true,"showFlares":true,"showImageEffects":true,"showParticleSystems":true,"showVisualEffectGraphs":true,"m_FxEnabled":true},"in2DMode":false,"pivot":{"x":11.290229797363282,"y":3.934696912765503,"z":-11.605584144592286},"rotation":{"x":0.0025237808004021646,"y":0.8456741571426392,"z":-0.5345684289932251,"w":0.0033143777400255205},"size":0.8660253882408142,"orthographic":false}