{"cameraMode":{"drawMode":0,"name":"Shaded","section":"Shading Mode"},"sceneLighting":true,"audioPlay":false,"sceneViewState":{"m_AlwaysRefresh":false,"showFog":true,"showSkybox":true,"showFlares":true,"showImageEffects":true,"showParticleSystems":true,"showVisualEffectGraphs":true,"m_FxEnabled":true},"in2DMode":false,"pivot":{"x":4.168874740600586,"y":-10.762195587158204,"z":1.5655514001846314},"rotation":{"x":0.37390321493148806,"y":0.5725717544555664,"z":-0.32968664169311526,"w":0.6513127088546753},"size":21.21909523010254,"orthographic":false}