{"cameraMode":{"drawMode":0,"name":"Shaded","section":"Shading Mode"},"sceneLighting":true,"audioPlay":false,"sceneViewState":{"m_AlwaysRefresh":false,"showFog":true,"showSkybox":true,"showFlares":true,"showImageEffects":true,"showParticleSystems":true,"showVisualEffectGraphs":true,"m_FxEnabled":true},"in2DMode":false,"pivot":{"x":607.5275268554688,"y":331.2088928222656,"z":-502.2270812988281},"rotation":{"x":0.026110418140888215,"y":-0.008120016194880009,"z":-0.0002256897569168359,"w":0.9998352527618408},"size":0.8660253882408142,"orthographic":false}